modelo,accuracy_test,macro_f1_test,weighted_f1_test
SVM,0.9578005115089514,0.9666110660332137,0.9577882050870096
MobileNetV3,0.8734,0.8888,0.8714
