modelo,accuracy_val,macro_f1_val
SVM,0.8903143040410519,0.9035135244184233
Random Forest,0.8268120590121874,0.8522412708850016
