,precision,recall,f1-score,support
Blackspot,0.993103448275862,0.993103448275862,0.993103448275862,145.0
Canker,0.935,0.935,0.935,200.0
HLB,1.0,1.0,1.0,37.0
Healthy,0.9330143540669856,0.975,0.9535452322738386,200.0
Melanosis,0.9738219895287958,0.93,0.9514066496163683,200.0
accuracy,0.9578005115089514,0.9578005115089514,0.9578005115089514,0.9578005115089514
macro avg,0.9669879583743286,0.9666206896551724,0.9666110660332137,782.0
weighted avg,0.9582701646025017,0.9578005115089514,0.9577882050870096,782.0
